<?xml version="1.0" encoding="UTF-8"?>
<project-private xmlns="http://www.netbeans.org/ns/project-private/1">
    <data xmlns="http://www.netbeans.org/ns/make-project-private/1">
        <activeConfTypeElem>1</activeConfTypeElem>
        <activeConfIndexElem>0</activeConfIndexElem>
    </data>
    <editor-bookmarks xmlns="http://www.netbeans.org/ns/editor-bookmarks/2" lastBookmarkId="0"/>
    <open-files xmlns="http://www.netbeans.org/ns/projectui-open-files/2">
        <group>
            <file>file:/C:/Users/annat/OneDrive/Desktop/TamanoAnnabelle_CIS17A_43320/Proj/AnnabelletTamano_Proj2BlackJack/Proj2Blackjack_Final/Player.h</file>
            <file>file:/C:/Users/annat/OneDrive/Desktop/TamanoAnnabelle_CIS17A_43320/Proj/AnnabelletTamano_Proj2BlackJack/Proj2Blackjack_Final/NumGen.h</file>
            <file>file:/C:/Users/annat/OneDrive/Desktop/TamanoAnnabelle_CIS17A_43320/Proj/AnnabelletTamano_Proj2BlackJack/Proj2Blackjack_Final/GenPlyr.h</file>
            <file>file:/C:/Users/annat/OneDrive/Desktop/TamanoAnnabelle_CIS17A_43320/Proj/AnnabelletTamano_Proj2BlackJack/Proj2Blackjack_Final/Card.h</file>
            <file>file:/C:/Users/annat/OneDrive/Desktop/TamanoAnnabelle_CIS17A_43320/Proj/AnnabelletTamano_Proj2BlackJack/Proj2Blackjack_Final/Deck.h</file>
            <file>file:/C:/Users/annat/OneDrive/Desktop/TamanoAnnabelle_CIS17A_43320/Proj/AnnabelletTamano_Proj2BlackJack/Proj2Blackjack_Final/GenPlyr.cpp</file>
            <file>file:/C:/Users/annat/OneDrive/Desktop/TamanoAnnabelle_CIS17A_43320/Proj/AnnabelletTamano_Proj2BlackJack/Proj2Blackjack_Final/Deck.cpp</file>
        </group>
    </open-files>
</project-private>
